{"val_loss": [1.0694429134368897, 0.8926923698425293, 0.8305347616195679, 0.7507196537017822, 0.732502041721344, 0.751482548713684, 0.6992820818901062, 0.6651374628067016, 0.6500835275650024, 0.681120773601532, 0.6403625920295716, 0.663491545009613, 0.614524548816681, 0.6199402215957641, 0.6084943029403687, 0.5805225398063659, 0.5820725474357605, 0.6043099120140075, 0.5467850243568421, 0.5475109047412873, 0.5773062473297119, 0.5438478919029236, 0.5597178077697754, 0.5172213254451752, 0.5695794201374054, 0.557555567741394, 0.5369480282306671, 0.4947584328174591, 0.5183451429843903, 0.5071945046424866, 0.4985259819030762, 0.4777185919761658, 0.5048553220748901, 0.5152774616718292, 0.6418396701812744, 0.4332481628417969, 0.43299099111557005, 0.4342902823448181, 0.4316729165554047, 0.4321022948265076, 0.4355732894897461, 0.433769341802597, 0.4357591217041016, 0.4384593002319336, 0.43467870798110964], "val_acc": [0.7752, 0.8377, 0.8586, 0.8884, 0.8911, 0.8797, 0.8958, 0.9074, 0.9087, 0.8983, 0.9093, 0.8932, 0.9148, 0.9083, 0.9108, 0.9211, 0.9149, 0.9072, 0.9265, 0.9234, 0.9117, 0.9225, 0.9105, 0.9267, 0.9112, 0.9111, 0.9141, 0.9288, 0.9209, 0.9224, 0.9243, 0.9281, 0.9203, 0.9187, 0.8764, 0.9422, 0.942, 0.9414, 0.943, 0.9426, 0.9429, 0.9418, 0.942, 0.9417, 0.9412], "loss": [1.2256078325064663, 0.8705730975980366, 0.7917754731988729, 0.743104209943228, 0.7146074550474218, 0.6860904340308214, 0.6672800638534244, 0.6483188691399175, 0.6331884760323978, 0.6196104960923269, 0.605533597559804, 0.5944773770793118, 0.5847794081934119, 0.5670660204711538, 0.5604245094358443, 0.5482623770490551, 0.5411793889685915, 0.5345371774751703, 0.521774001614669, 0.5155748021213974, 0.5065517397184285, 0.5005050583009347, 0.49094926810787043, 0.4851120721841483, 0.47641878912373703, 0.4701797801947479, 0.46123984494290843, 0.4549137449149841, 0.4483630142225931, 0.441968286422916, 0.435024132676331, 0.4299462583535244, 0.42474401820668045, 0.4184192826185935, 0.4125275761446553, 0.38327992285782486, 0.375524014123043, 0.3715817452846906, 0.3689476166065844, 0.3664119829474, 0.36556548530057686, 0.3634808257835425, 0.3624605684277847, 0.3576722725994889, 0.3553067026515494], "acc": [0.7226416354571862, 0.8417624264780307, 0.8693546231642947, 0.886324158236026, 0.8956273383536102, 0.9030598610687358, 0.9071853287330864, 0.9112272849062558, 0.9168726616463898, 0.9183257616566567, 0.9206974879743453, 0.9226683591662213, 0.9242216729340484, 0.9286978887976458, 0.9277291555636583, 0.9316708979155531, 0.9307021646178514, 0.9314203634420096, 0.9341929449173679, 0.9352117851416355, 0.937015633319292, 0.9366314804598586, 0.9379509620842356, 0.9381346873648341, 0.9404897114161436, 0.9411745056119722, 0.942711117049706, 0.9435963388243696, 0.9429783537896287, 0.9450661410691584, 0.9452999732444657, 0.9456006146764322, 0.9460181721323382, 0.9460849812615689, 0.9483731961199334, 0.9584446819563844, 0.9614845002353797, 0.9626703634101526, 0.9631213255262452, 0.9646913415285944, 0.9640566541637602, 0.9645410208126111, 0.9650086852269399, 0.966628808155855, 0.9673470069162989]}